﻿<?xml version="1.0" encoding="utf-8"?>
<Solution xmlns="http://schemas.microsoft.com/sharepoint/" SolutionId="3c3429bb-bc37-4c63-a6f8-dffb11df08cd" SharePointProductVersion="16.0">
  <Assemblies>
    <Assembly Location="SPClientLibrary.dll" DeploymentTarget="GlobalAssemblyCache">
      <SafeControls>
        <SafeControl Assembly="SPClientLibrary, Version=1.0.0.0, Culture=neutral, PublicKeyToken=ba2634537465d906" Namespace="SPClientLibrary.SpClientLibrary" TypeName="*" />
      </SafeControls>
    </Assembly>
  </Assemblies>
  <TemplateFiles>
    <TemplateFile Location="CONTROLTEMPLATES\SPClientLibrary\SpClientLibrary\SpClientLibraryUserControl.ascx" />
  </TemplateFiles>
  <FeatureManifests>
    <FeatureManifest Location="SPClientLibrary_Feature1\Feature.xml" />
  </FeatureManifests>
</Solution>
